"host","registrable_domain","route_code","review_reason","delegation_status","delegation_reason","host_resolution_status","host_resolution_reason","ip_location_status","ip_location_reason","ip_location_policy_status","ip_location_policy_reason","ip_location_provider","source_id","source_input_label"
"acxiom-online.com","acxiom-online.com","delegation_to_review_ns_retry_exhausted_soa_retry_exhausted","delegation NS retry budget was exhausted and SOA retry budget was exhausted","ns_retry_exhausted_soa_retry_exhausted","ns_retry_exhausted_soa_retry_exhausted","skipped","skipped","skipped","skipped","skipped","skipped","","block","https://tinyurl.com/bdzx57hc"
"ascend.ai","ascend.ai","delegation_to_review_ns_retry_exhausted_soa_retry_exhausted","delegation NS retry budget was exhausted and SOA retry budget was exhausted","ns_retry_exhausted_soa_retry_exhausted","ns_retry_exhausted_soa_retry_exhausted","skipped","skipped","skipped","skipped","skipped","skipped","","block","https://tinyurl.com/bdzx57hc"
"collect.chaordicsystems.com","chaordicsystems.com","delegation_to_review_ns_retry_exhausted_soa_retry_exhausted","delegation NS retry budget was exhausted and SOA retry budget was exhausted","ns_retry_exhausted_soa_retry_exhausted","ns_retry_exhausted_soa_retry_exhausted","skipped","skipped","skipped","skipped","skipped","skipped","","block","https://tinyurl.com/bdzx57hc"
"elqtrk.intelrealsense.com","intelrealsense.com","delegation_to_review_ns_retry_exhausted_soa_retry_exhausted","delegation NS retry budget was exhausted and SOA retry budget was exhausted","ns_retry_exhausted_soa_retry_exhausted","ns_retry_exhausted_soa_retry_exhausted","skipped","skipped","skipped","skipped","skipped","skipped","","block","https://tinyurl.com/bdzx57hc"
"events.chaordicsystems.com","chaordicsystems.com","delegation_to_review_ns_retry_exhausted_soa_retry_exhausted","delegation NS retry budget was exhausted and SOA retry budget was exhausted","ns_retry_exhausted_soa_retry_exhausted","ns_retry_exhausted_soa_retry_exhausted","skipped","skipped","skipped","skipped","skipped","skipped","","block","https://tinyurl.com/bdzx57hc"
"foxpush.net","foxpush.net","delegation_to_review_ns_retry_exhausted_soa_retry_exhausted","delegation NS retry budget was exhausted and SOA retry budget was exhausted","ns_retry_exhausted_soa_retry_exhausted","ns_retry_exhausted_soa_retry_exhausted","skipped","skipped","skipped","skipped","skipped","skipped","","block","https://tinyurl.com/bdzx57hc"
"images.e.westuc.com","westuc.com","delegation_to_review_ns_retry_exhausted_soa_retry_exhausted","delegation NS retry budget was exhausted and SOA retry budget was exhausted","ns_retry_exhausted_soa_retry_exhausted","ns_retry_exhausted_soa_retry_exhausted","skipped","skipped","skipped","skipped","skipped","skipped","","block","https://tinyurl.com/bdzx57hc"
"meet.westuc.com","westuc.com","delegation_to_review_ns_retry_exhausted_soa_retry_exhausted","delegation NS retry budget was exhausted and SOA retry budget was exhausted","ns_retry_exhausted_soa_retry_exhausted","ns_retry_exhausted_soa_retry_exhausted","skipped","skipped","skipped","skipped","skipped","skipped","","block","https://tinyurl.com/bdzx57hc"
"opstag.com","opstag.com","delegation_to_review_ns_retry_exhausted_soa_retry_exhausted","delegation NS retry budget was exhausted and SOA retry budget was exhausted","ns_retry_exhausted_soa_retry_exhausted","ns_retry_exhausted_soa_retry_exhausted","skipped","skipped","skipped","skipped","skipped","skipped","","block","https://tinyurl.com/bdzx57hc"
"oqhbgxvk.com","oqhbgxvk.com","delegation_to_review_ns_retry_exhausted_soa_retry_exhausted","delegation NS retry budget was exhausted and SOA retry budget was exhausted","ns_retry_exhausted_soa_retry_exhausted","ns_retry_exhausted_soa_retry_exhausted","skipped","skipped","skipped","skipped","skipped","skipped","","block","https://tinyurl.com/bdzx57hc"
"pointillist.com","pointillist.com","delegation_to_review_ns_retry_exhausted_soa_retry_exhausted","delegation NS retry budget was exhausted and SOA retry budget was exhausted","ns_retry_exhausted_soa_retry_exhausted","ns_retry_exhausted_soa_retry_exhausted","skipped","skipped","skipped","skipped","skipped","skipped","","block","https://tinyurl.com/bdzx57hc"
"samsungadhub.com","samsungadhub.com","delegation_to_review_ns_retry_exhausted_soa_retry_exhausted","delegation NS retry budget was exhausted and SOA retry budget was exhausted","ns_retry_exhausted_soa_retry_exhausted","ns_retry_exhausted_soa_retry_exhausted","skipped","skipped","skipped","skipped","skipped","skipped","","block","https://tinyurl.com/bdzx57hc"
"smetrics.redbox.com","redbox.com","delegation_to_review_ns_retry_exhausted_soa_retry_exhausted","delegation NS retry budget was exhausted and SOA retry budget was exhausted","ns_retry_exhausted_soa_retry_exhausted","ns_retry_exhausted_soa_retry_exhausted","skipped","skipped","skipped","skipped","skipped","skipped","","block","https://tinyurl.com/bdzx57hc"
"sstats.directgeneral.com","directgeneral.com","delegation_to_review_ns_retry_exhausted_soa_retry_exhausted","delegation NS retry budget was exhausted and SOA retry budget was exhausted","ns_retry_exhausted_soa_retry_exhausted","ns_retry_exhausted_soa_retry_exhausted","skipped","skipped","skipped","skipped","skipped","skipped","","block","https://tinyurl.com/bdzx57hc"
